,cBBidSize,cBAskSize,pBBidSize,pBAskSize,cBidAsk,pBidAsk
1,34.50555555555555,23.116666666666667,24.272222222222222,17.624074074074073,136.55590888888898,115.28084935185177
