,cBBidSize,cBAskSize,pBBidSize,pBAskSize,cBidAsk,pBidAsk
1,25.36145833333333,29.617708333333336,19.872916666666665,38.280208333333334,147.53084901041657,119.68863557291671
