,cBBidSize,cBAskSize,pBBidSize,pBAskSize,cBidAsk,pBidAsk
0,22.230452674897112,17.152880658436207,22.27496570644719,18.41934156378601,24.26223893004119,14.364739046639205
