,cBBidSize,cBAskSize,pBBidSize,pBAskSize,cBidAsk,pBidAsk
1,16.15144032921811,20.001851851851843,15.3156378600823,12.719341563786006,27.986776316872493,18.963884708504814
