,cBBidSize,cBAskSize,pBBidSize,pBAskSize,cBidAsk,pBidAsk
1,14.988237847222228,13.941927083333331,16.26302083333333,20.496245659722224,32.41042136067702,33.92042758572054
