,cBBidSize,cBAskSize,pBBidSize,pBAskSize,cBidAsk,pBidAsk
1,28.93541666666667,20.556250000000002,25.72083333333333,25.686458333333334,141.5863171874999,124.39211692708331
