,cBBidSize,cBAskSize,pBBidSize,pBAskSize,cBidAsk,pBidAsk
0,35.166666666666664,31.59583333333333,32.28854166666667,29.213541666666668,129.48362953125005,111.97579031250001
