,cBBidSize,cBAskSize,pBBidSize,pBAskSize,cBidAsk,pBidAsk
1,15.986458333333331,15.241232638888896,16.431640624999996,27.41855468749999,23.118271338975788,23.27753747829873
