,cBBidSize,cBAskSize,pBBidSize,pBAskSize,cBidAsk,pBidAsk
0,37.87222222222222,20.194444444444443,31.46851851851852,19.794444444444448,116.23873305555568,100.74001990740746
