,cBBidSize,cBAskSize,pBBidSize,pBAskSize,cBidAsk,pBidAsk
0,17.115755208333336,19.53552517361111,16.953385416666674,19.451432291666666,33.33600804687503,38.61073594401046
