,cBBidSize,cBAskSize,pBBidSize,pBAskSize,cBidAsk,pBidAsk
0,27.417708333333334,27.251041666666666,28.953125,20.384375000000002,131.8976565625,126.47050432291667
