,cBBidSize,cBAskSize,pBBidSize,pBAskSize,cBidAsk,pBidAsk
0,16.67986111111112,21.808333333333323,16.21419270833334,24.710568576388894,27.852974218750006,14.921748124999953
